{"data":{"jobs":{"edges":[{"node":{"frontmatter":{"title":"Data Analyst","company":"UKO","location":"Sydney, NSW","range":"April 2024 - July 2024","url":"https://uko.com.au/"},"html":"<p>As a Data Analyst Intern, I'm tasked with leveraging my analytical skills to support the Facilities Management team in optimizing operations and driving efficiency. My responsibilities include:</p>\n<ul>\n<li>Organizing information and extracting valuable data from existing service agreements.</li>\n<li>Synthesizing extracted data to create accessible insights for Community Managers, facilitating informed decision-making.</li>\n<li>Assisting the Facilities Management team in transitioning to a new asset management platform, ensuring a smooth and seamless process.</li>\n<li>Contributing to the enhancement of departmental efficiencies through the completion of ad-hoc tasks and projects.</li>\n<li>Undertaking any other reasonable duties as directed, contributing to a dynamic and collaborative work environment.</li>\n</ul>"}},{"node":{"frontmatter":{"title":"iOS Developer","company":"WeHear","location":"Ahmedabad, Gujarat, India","range":"July - August 20202","url":"https://wehear.in/"},"html":"<ul>\n<li>My responsibility as an intern was to help WeHear develop an iOS application which will work fluently with WeHear Bone Conduction based earphones.</li>\n<li>The main focus of the app was to act as a dashboard for the earphones, where we can control various features of the earphones like hearing-aid mode, checking sound level, etc</li>\n</ul>"}}]}}}