{"data":{"site":{"siteMetadata":{"defaultTitle":"Hemang Sharma","defaultDescription":"Welcome to my personal portfolio! My name is Hemang Sharma and I am a Data Scientist with a passion for creating innovative and user-friendly technology. On this website, you will find a selection of my past projects and experiences, as well as a glimpse into my interests and passions. Thank you for stopping by and I hope you enjoy exploring my portfolio.","siteUrl":"https://sharmahemang.com","defaultImage":"/og.png"}}}}