{"data":{"jobs":{"edges":[{"node":{"frontmatter":{"title":"Data Analyst","company":"Feuer Property","location":"Sydney, NSW","range":"April 2025 - June 2025","url":null},"html":"<ul>\n<li>Developed ML and statistical models to forecast occupancy and revenue for property portfolios, enhancing predictive accuracy and supporting strategic financial planning.</li>\n<li>Automated pricing analysis, campaign ROI tracking, and daily business metrics using SQL pipelines.</li>\n<li>Designed and delivered interactive Tableau dashboards and executive presentations, providing actionable, data-driven insights that informed strategic decisions and drove revenue growth.</li>\n<li>Optimised data tracking systems through cross-functional collaboration with marketing, tech, and senior management, ensuring data integrity and business alignment.</li>\n</ul>"}},{"node":{"frontmatter":{"title":"Data Analyst","company":"UKO","location":"Sydney, NSW","range":"April 2024 - July 2024","url":"https://uko.com.au/"},"html":"<ul>\n<li>Conducted in-depth analysis of 32 diverse property datasets, leveraging advanced analytics to drive a 15% improvement in occupancy rates.</li>\n<li>Led the successful migration to new asset management platforms, resulting in a 30% reduction in critical process time and enhanced operational eﬃciency.</li>\n<li>Automated ad-hoc reporting, developed comprehensive KPI dashboards, and integrated key systems, streamlining operations and providing real-time performance insights.</li>\n</ul>"}},{"node":{"frontmatter":{"title":"iOS Developer","company":"WeHear","location":"Ahmedabad, Gujarat, India","range":"July - August 20202","url":"https://wehear.in/"},"html":"<ul>\n<li>Led a small iOS development team in creating a bone conduction earphone dashboard app, enhancing UI/UX by 40%based on user feedback and design principles.</li>\n<li>Engineered and integrated complex earphone features, collaborating closely with QA and product teams to ensure seamless feature delivery and product quality.</li>\n</ul>"}}]}}}