{"app":["/app-2118cc9a513e9e7583af.js"],"component---cache-caches-gatsby-plugin-offline-app-shell-js":["/component---cache-caches-gatsby-plugin-offline-app-shell-js-d793259e79016ad07323.js"],"component---src-pages-404-js":["/component---src-pages-404-js-f0c59297d5119d207a06.js"],"component---src-pages-archive-js":["/component---src-pages-archive-js-b72e24e6f39e0d20dcb4.js"],"component---src-pages-index-js":["/component---src-pages-index-js-a128df4a0dc45ff23b53.js"],"component---src-pages-pensieve-index-js":["/component---src-pages-pensieve-index-js-6ed3801e37af19de8e92.js"],"component---src-pages-pensieve-tags-js":["/component---src-pages-pensieve-tags-js-f7f10cba072b586d41e4.js"],"component---src-templates-post-js":["/component---src-templates-post-js-7bed95e98a61c2678e90.js"],"component---src-templates-tag-js":["/component---src-templates-tag-js-c5edd0d58efbaf5df494.js"]}