{"namedChunkGroups":{"app":{"name":"app","assets":[{"name":"webpack-runtime-b86d80f785acb0414f3c.js","size":4278},{"name":"framework-b1136b596c4697e2bbe0.js","size":129842},{"name":"app-2118cc9a513e9e7583af.js","size":107582}],"filteredAssets":0,"assetsSize":241702,"filteredAuxiliaryAssets":3,"auxiliaryAssetsSize":787162},"component---cache-caches-gatsby-plugin-offline-app-shell-js":{"name":"component---cache-caches-gatsby-plugin-offline-app-shell-js","assets":[{"name":"component---cache-caches-gatsby-plugin-offline-app-shell-js-d793259e79016ad07323.js","size":499}],"filteredAssets":0,"assetsSize":499,"filteredAuxiliaryAssets":1,"auxiliaryAssetsSize":1657},"component---src-pages-404-js":{"name":"component---src-pages-404-js","assets":[{"name":"546641dfde76ed00139ea2c3eae09499c5f2164a-724a5e2022e9405b6db2.js","size":133858},{"name":"component---src-pages-404-js-f0c59297d5119d207a06.js","size":1546}],"filteredAssets":0,"assetsSize":135404,"filteredAuxiliaryAssets":22,"auxiliaryAssetsSize":1175269},"component---src-pages-archive-js":{"name":"component---src-pages-archive-js","assets":[{"name":"546641dfde76ed00139ea2c3eae09499c5f2164a-724a5e2022e9405b6db2.js","size":133858},{"name":"component---src-pages-archive-js-b72e24e6f39e0d20dcb4.js","size":4132}],"filteredAssets":0,"assetsSize":137990,"filteredAuxiliaryAssets":22,"auxiliaryAssetsSize":1182145},"component---src-pages-index-js":{"name":"component---src-pages-index-js","assets":[{"name":"546641dfde76ed00139ea2c3eae09499c5f2164a-724a5e2022e9405b6db2.js","size":133858},{"name":"component---src-pages-index-js-a128df4a0dc45ff23b53.js","size":632}],"filteredAssets":0,"assetsSize":134490,"filteredAuxiliaryAssets":22,"auxiliaryAssetsSize":1172891},"component---src-pages-pensieve-index-js":{"name":"component---src-pages-pensieve-index-js","assets":[{"name":"546641dfde76ed00139ea2c3eae09499c5f2164a-724a5e2022e9405b6db2.js","size":133858},{"name":"component---src-pages-pensieve-index-js-6ed3801e37af19de8e92.js","size":9199}],"filteredAssets":0,"assetsSize":143057,"filteredAuxiliaryAssets":22,"auxiliaryAssetsSize":1208356},"component---src-pages-pensieve-tags-js":{"name":"component---src-pages-pensieve-tags-js","assets":[{"name":"546641dfde76ed00139ea2c3eae09499c5f2164a-724a5e2022e9405b6db2.js","size":133858},{"name":"component---src-pages-pensieve-tags-js-f7f10cba072b586d41e4.js","size":6747}],"filteredAssets":0,"assetsSize":140605,"filteredAuxiliaryAssets":22,"auxiliaryAssetsSize":1203615},"component---src-templates-post-js":{"name":"component---src-templates-post-js","assets":[{"name":"546641dfde76ed00139ea2c3eae09499c5f2164a-724a5e2022e9405b6db2.js","size":133858},{"name":"component---src-templates-post-js-7bed95e98a61c2678e90.js","size":7343}],"filteredAssets":0,"assetsSize":141201,"filteredAuxiliaryAssets":22,"auxiliaryAssetsSize":1204662},"component---src-templates-tag-js":{"name":"component---src-templates-tag-js","assets":[{"name":"546641dfde76ed00139ea2c3eae09499c5f2164a-724a5e2022e9405b6db2.js","size":133858},{"name":"component---src-templates-tag-js-c5edd0d58efbaf5df494.js","size":7306}],"filteredAssets":0,"assetsSize":141164,"filteredAuxiliaryAssets":22,"auxiliaryAssetsSize":1205722}},"assetsByChunkName":{"app":["webpack-runtime-b86d80f785acb0414f3c.js","framework-b1136b596c4697e2bbe0.js","app-2118cc9a513e9e7583af.js"],"component---cache-caches-gatsby-plugin-offline-app-shell-js":["component---cache-caches-gatsby-plugin-offline-app-shell-js-d793259e79016ad07323.js"],"component---src-pages-404-js":["546641dfde76ed00139ea2c3eae09499c5f2164a-724a5e2022e9405b6db2.js","component---src-pages-404-js-f0c59297d5119d207a06.js"],"component---src-pages-archive-js":["546641dfde76ed00139ea2c3eae09499c5f2164a-724a5e2022e9405b6db2.js","component---src-pages-archive-js-b72e24e6f39e0d20dcb4.js"],"component---src-pages-index-js":["546641dfde76ed00139ea2c3eae09499c5f2164a-724a5e2022e9405b6db2.js","component---src-pages-index-js-a128df4a0dc45ff23b53.js"],"component---src-pages-pensieve-index-js":["546641dfde76ed00139ea2c3eae09499c5f2164a-724a5e2022e9405b6db2.js","component---src-pages-pensieve-index-js-6ed3801e37af19de8e92.js"],"component---src-pages-pensieve-tags-js":["546641dfde76ed00139ea2c3eae09499c5f2164a-724a5e2022e9405b6db2.js","component---src-pages-pensieve-tags-js-f7f10cba072b586d41e4.js"],"component---src-templates-post-js":["546641dfde76ed00139ea2c3eae09499c5f2164a-724a5e2022e9405b6db2.js","component---src-templates-post-js-7bed95e98a61c2678e90.js"],"component---src-templates-tag-js":["546641dfde76ed00139ea2c3eae09499c5f2164a-724a5e2022e9405b6db2.js","component---src-templates-tag-js-c5edd0d58efbaf5df494.js"]},"childAssetsByChunkName":{}}