{"namedChunkGroups":{"app":{"name":"app","assets":[{"name":"webpack-runtime-45cf1648df3777fdcabd.js","size":4278},{"name":"framework-b1136b596c4697e2bbe0.js","size":129842},{"name":"app-2118cc9a513e9e7583af.js","size":107582}],"filteredAssets":0,"assetsSize":241702,"filteredAuxiliaryAssets":3,"auxiliaryAssetsSize":787162},"component---cache-caches-gatsby-plugin-offline-app-shell-js":{"name":"component---cache-caches-gatsby-plugin-offline-app-shell-js","assets":[{"name":"component---cache-caches-gatsby-plugin-offline-app-shell-js-d793259e79016ad07323.js","size":499}],"filteredAssets":0,"assetsSize":499,"filteredAuxiliaryAssets":1,"auxiliaryAssetsSize":1657},"component---src-pages-404-js":{"name":"component---src-pages-404-js","assets":[{"name":"546641dfde76ed00139ea2c3eae09499c5f2164a-aab06ba711f09385d167.js","size":127858},{"name":"component---src-pages-404-js-f0c59297d5119d207a06.js","size":1546}],"filteredAssets":0,"assetsSize":129404,"filteredAuxiliaryAssets":22,"auxiliaryAssetsSize":1166411},"component---src-pages-archive-js":{"name":"component---src-pages-archive-js","assets":[{"name":"546641dfde76ed00139ea2c3eae09499c5f2164a-aab06ba711f09385d167.js","size":127858},{"name":"component---src-pages-archive-js-e425ddce7303fc9b173e.js","size":4132}],"filteredAssets":0,"assetsSize":131990,"filteredAuxiliaryAssets":22,"auxiliaryAssetsSize":1173287},"component---src-pages-index-js":{"name":"component---src-pages-index-js","assets":[{"name":"546641dfde76ed00139ea2c3eae09499c5f2164a-aab06ba711f09385d167.js","size":127858},{"name":"component---src-pages-index-js-a128df4a0dc45ff23b53.js","size":632}],"filteredAssets":0,"assetsSize":128490,"filteredAuxiliaryAssets":22,"auxiliaryAssetsSize":1164033},"component---src-pages-pensieve-index-js":{"name":"component---src-pages-pensieve-index-js","assets":[{"name":"546641dfde76ed00139ea2c3eae09499c5f2164a-aab06ba711f09385d167.js","size":127858},{"name":"component---src-pages-pensieve-index-js-ebc0c205f3ab51b52f09.js","size":9199}],"filteredAssets":0,"assetsSize":137057,"filteredAuxiliaryAssets":22,"auxiliaryAssetsSize":1199498},"component---src-pages-pensieve-tags-js":{"name":"component---src-pages-pensieve-tags-js","assets":[{"name":"546641dfde76ed00139ea2c3eae09499c5f2164a-aab06ba711f09385d167.js","size":127858},{"name":"component---src-pages-pensieve-tags-js-f7f10cba072b586d41e4.js","size":6747}],"filteredAssets":0,"assetsSize":134605,"filteredAuxiliaryAssets":22,"auxiliaryAssetsSize":1194757},"component---src-templates-post-js":{"name":"component---src-templates-post-js","assets":[{"name":"546641dfde76ed00139ea2c3eae09499c5f2164a-aab06ba711f09385d167.js","size":127858},{"name":"component---src-templates-post-js-7bed95e98a61c2678e90.js","size":7343}],"filteredAssets":0,"assetsSize":135201,"filteredAuxiliaryAssets":22,"auxiliaryAssetsSize":1195804},"component---src-templates-tag-js":{"name":"component---src-templates-tag-js","assets":[{"name":"546641dfde76ed00139ea2c3eae09499c5f2164a-aab06ba711f09385d167.js","size":127858},{"name":"component---src-templates-tag-js-c5edd0d58efbaf5df494.js","size":7306}],"filteredAssets":0,"assetsSize":135164,"filteredAuxiliaryAssets":22,"auxiliaryAssetsSize":1196864}},"assetsByChunkName":{"app":["webpack-runtime-45cf1648df3777fdcabd.js","framework-b1136b596c4697e2bbe0.js","app-2118cc9a513e9e7583af.js"],"component---cache-caches-gatsby-plugin-offline-app-shell-js":["component---cache-caches-gatsby-plugin-offline-app-shell-js-d793259e79016ad07323.js"],"component---src-pages-404-js":["546641dfde76ed00139ea2c3eae09499c5f2164a-aab06ba711f09385d167.js","component---src-pages-404-js-f0c59297d5119d207a06.js"],"component---src-pages-archive-js":["546641dfde76ed00139ea2c3eae09499c5f2164a-aab06ba711f09385d167.js","component---src-pages-archive-js-e425ddce7303fc9b173e.js"],"component---src-pages-index-js":["546641dfde76ed00139ea2c3eae09499c5f2164a-aab06ba711f09385d167.js","component---src-pages-index-js-a128df4a0dc45ff23b53.js"],"component---src-pages-pensieve-index-js":["546641dfde76ed00139ea2c3eae09499c5f2164a-aab06ba711f09385d167.js","component---src-pages-pensieve-index-js-ebc0c205f3ab51b52f09.js"],"component---src-pages-pensieve-tags-js":["546641dfde76ed00139ea2c3eae09499c5f2164a-aab06ba711f09385d167.js","component---src-pages-pensieve-tags-js-f7f10cba072b586d41e4.js"],"component---src-templates-post-js":["546641dfde76ed00139ea2c3eae09499c5f2164a-aab06ba711f09385d167.js","component---src-templates-post-js-7bed95e98a61c2678e90.js"],"component---src-templates-tag-js":["546641dfde76ed00139ea2c3eae09499c5f2164a-aab06ba711f09385d167.js","component---src-templates-tag-js-c5edd0d58efbaf5df494.js"]},"childAssetsByChunkName":{}}